Label,Page,Addr,NumBytes,RegOffset,RegScale,ReadLen,ReadFlag,WriteFlag,TwosCompl,Default,ReadProtected,WriteProtected,CalReg
PAGE,0,0,2,0,1,16,TRUE,FALSE,FALSE,none,FALSE,FALSE,FALSE
TEMP_OUT,0,2,2,273,0.25,16,TRUE,FALSE,TRUE,32768,FALSE,FALSE,FALSE
SUPPLY_OUT,0,4,2,0,0.003223,16,TRUE,FALSE,TRUE,32768,FALSE,FALSE,FALSE
FFT_AVG1,0,6,2,0,1,16,TRUE,TRUE,TRUE,264,FALSE,FALSE,FALSE
FFT_AVG2,0,8,2,625,1,16,TRUE,TRUE,TRUE,257,FALSE,FALSE,FALSE
BUF_PNTR,0,10,2,0,1,16,TRUE,TRUE,TRUE,0,FALSE,FALSE,FALSE
REC_PNTR,0,12,2,0,1,16,TRUE,TRUE,FALSE,0,FALSE,FALSE,FALSE
X_BUF,0,14,2,0,0.001907349,16,TRUE,TRUE,TRUE,32768,FALSE,FALSE,FALSE
Y_BUF,0,16,2,0,0.001907349,16,TRUE,TRUE,TRUE,32768,FALSE,FALSE,FALSE
Z_BUF,0,18,2,0,0.001907349,16,TRUE,TRUE,TRUE,32768,FALSE,FALSE,FALSE
X_ANULL,0,20,2,0,0.001907349,16,TRUE,TRUE,TRUE,0,FALSE,FALSE,FALSE
Y_ANULL,0,22,2,0,0.001907349,16,TRUE,TRUE,TRUE,0,FALSE,FALSE,FALSE
Z_ANULL,0,24,2,0,0.001907349,16,TRUE,TRUE,TRUE,0,FALSE,FALSE,FALSE
REC_CTRL1,0,26,2,0,1,16,TRUE,TRUE,FALSE,4353,FALSE,FALSE,FALSE
REC_CTRL2,0,28,2,0,1,16,TRUE,TRUE,FALSE,255,FALSE,FALSE,FALSE
REC_PRD,0,30,2,0,1,16,TRUE,TRUE,FALSE,0,FALSE,FALSE,FALSE
ALM_F_LOW,0,32,2,0,1,16,TRUE,TRUE,FALSE,0,FALSE,FALSE,FALSE
ALM_F_HIGH,0,34,2,0,1,16,TRUE,TRUE,FALSE,0,FALSE,FALSE,FALSE
ALM_X_MAG1,0,36,2,0,1,16,TRUE,TRUE,FALSE,0,FALSE,FALSE,FALSE
ALM_Y_MAG1,0,38,2,0,1,16,TRUE,TRUE,FALSE,0,FALSE,FALSE,FALSE
ALM_Z_MAG1,0,40,2,0,1,16,TRUE,TRUE,FALSE,0,FALSE,FALSE,FALSE
ALM_X_MAG2,0,42,2,0,1,16,TRUE,TRUE,FALSE,0,FALSE,FALSE,FALSE
ALM_Y_MAG2,0,44,2,0,1,15,TRUE,TRUE,FALSE,0,FALSE,FALSE,FALSE
ALM_Z_MAG2,0,46,2,0,1,16,TRUE,TRUE,FALSE,0,FALSE,FALSE,FALSE
ALM_PNTR,0,48,2,0,1,16,TRUE,TRUE,FALSE,0,FALSE,FALSE,FALSE
ALM_S_MAG,0,50,2,0,1,16,TRUE,TRUE,FALSE,0,FALSE,FALSE,FALSE
ALM_CTRL,0,52,2,0,1,16,TRUE,TRUE,FALSE,128,FALSE,FALSE,FALSE
DIO_CTRL,0,54,2,0,1,16,TRUE,TRUE,FALSE,15,FALSE,FALSE,FALSE
FILT_CTRL,0,56,2,0,1,16,TRUE,TRUE,FALSE,0,FALSE,FALSE,FALSE
AVG_CNT,0,58,2,0,1,16,TRUE,TRUE,FALSE,29729,FALSE,FALSE,FALSE
STATUS,0,60,2,0,1,16,TRUE,FALSE,FALSE,none,FALSE,FALSE,FALSE
COMMAND,0,62,2,0,1,16,FALSE,TRUE,FALSE,none,FALSE,FALSE,FALSE
ALM_X_STAT,0,64,2,0,1,16,TRUE,FALSE,FALSE,0,FALSE,FALSE,FALSE
ALM_Y_STAT,0,66,2,0,1,16,TRUE,FALSE,FALSE,0,FALSE,FALSE,FALSE
ALM_Z_STAT,0,68,2,0,1,16,TRUE,FALSE,FALSE,0,FALSE,FALSE,FALSE
ALM_X_PEAK,0,70,2,0,1,16,TRUE,FALSE,FALSE,0,FALSE,FALSE,FALSE
ALM_Y_PEAK,0,72,2,0,1,16,TRUE,FALSE,FALSE,0,FALSE,FALSE,FALSE
ALM_Z_PEAK,0,74,2,0,1,16,TRUE,FALSE,FALSE,0,FALSE,FALSE,FALSE
TIME_STAMP_L,0,76,2,0,1,16,TRUE,FALSE,FALSE,0,FALSE,FALSE,FALSE
TIME_STAMP_H,0,78,2,0,1,16,TRUE,FALSE,FALSE,0,FALSE,FALSE,FALSE
RSVD,0,80,2,0,1,16,FALSE,FALSE,FALSE,none,FALSE,FALSE,FALSE
REV,0,82,1,0,1,8,TRUE,FALSE,FALSE,none,FALSE,FALSE,FALSE
DAY,0,83,1,0,1,8,TRUE,FALSE,FALSE,none,FALSE,FALSE,FALSE
MONTH,0,84,1,0,1,8,TRUE,FALSE,FALSE,none,FALSE,FALSE,FALSE
YEAR,0,85,1,0,1,8,TRUE,FALSE,FALSE,none,FALSE,FALSE,FALSE
PROD_ID,0,86,2,0,1,16,TRUE,TRUE,FALSE,none,FALSE,FALSE,FALSE
SERIAL_ID,0,88,2,0,1,16,TRUE,TRUE,FALSE,none,FALSE,FALSE,FALSE
USER_SCRATCH,0,90,2,0,1,16,TRUE,TRUE,FALSE,none,FALSE,FALSE,FALSE
REC_FLSH_CNT,0,92,2,0,1,16,TRUE,FALSE,FALSE,none,FALSE,FALSE,FALSE
SIGNTRL,0,94,1,0,1,8,TRUE,TRUE,FALSE,none,FALSE,FALSE,FALSE
SIGNTRM,0,95,1,0,1,8,TRUE,TRUE,FALSE,none,FALSE,FALSE,FALSE
SIGNTRU,0,96,1,0,1,8,TRUE,TRUE,FALSE,none,FALSE,FALSE,FALSE
CHKSUML,0,97,1,0,1,8,TRUE,FALSE,FALSE,none,FALSE,FALSE,FALSE
CHKSUMM,0,98,1,0,1,8,TRUE,FALSE,FALSE,none,FALSE,FALSE,FALSE
CHKSUMU,0,99,1,0,1,8,TRUE,FALSE,FALSE,none,FALSE,FALSE,FALSE
MISC_CTRL,0,100,2,0,1,16,TRUE,TRUE,FALSE,0,FALSE,FALSE,FALSE
REC_INFO1,0,102,2,0,1,16,TRUE,FALSE,FALSE,0,FALSE,FALSE,FALSE
 REC_INFO2,0,104,2,0,1,16,TRUE,FALSE,FALSE,0,FALSE,FALSE,FALSE
REC_CNT,0,106,2,0,1,16,TRUE,FALSE,FALSE,0,FALSE,FALSE,FALSE
ALM_X_FREQ,0,108,2,0,1,16,TRUE,FALSE,TRUE,0,FALSE,FALSE,FALSE
ALM_Y_FREQ,0,110,2,0,1,16,TRUE,FALSE,TRUE,0,FALSE,FALSE,FALSE
ALM_Z_FREQ,0,112,2,0,1,16,TRUE,FALSE,TRUE,0,FALSE,FALSE,FALSE
TD_STAT_PNTR,0,114,2,0,1,16,TRUE,TRUE,FALSE,0,FALSE,FALSE,FALSE
X_STATISTIC,0,116,2,0,1,16,TRUE,FALSE,FALSE,0,FALSE,FALSE,FALSE
Y_STATISTIC,0,118,2,0,1,16,TRUE,FALSE,FALSE,0,FALSE,FALSE,FALSE
Z_STATISTIC,0,120,2,0,1,16,TRUE,FALSE,FALSE,0,FALSE,FALSE,FALSE
F_FREQ,0,122,2,0,1,16,TRUE,TRUE,FALSE,998,FALSE,FALSE,FALSE
ENDUR_LWR,0,124,2,0,1,16,TRUE,FALSE,FALSE,none,FALSE,FALSE,FALSE
ENDUR_UPR,0,126,2,0,1,16,TRUE,FALSE,FALSE,none,FALSE,FALSE,FALSE
PAGE,1,0,2,0,1,16,TRUE,TRUE,FALSE,none,FALSE,FALSE,FALSE
BNKA_C0,1,2,2,0,1,16,TRUE,TRUE,FALSE,none,FALSE,FALSE,FALSE
BNKA_C1,1,4,2,0,1,16,TRUE,TRUE,FALSE,none,FALSE,FALSE,FALSE
BNKA_C2,1,6,2,0,1,16,TRUE,TRUE,FALSE,none,FALSE,FALSE,FALSE
BNKA_C3,1,8,2,0,1,16,TRUE,TRUE,FALSE,none,FALSE,FALSE,FALSE
BNKA_C4,1,10,2,0,1,16,TRUE,TRUE,FALSE,none,FALSE,FALSE,FALSE
BNKA_C5,1,12,2,0,1,16,TRUE,TRUE,FALSE,none,FALSE,FALSE,FALSE
BNKA_C6,1,14,2,0,1,16,TRUE,TRUE,FALSE,none,FALSE,FALSE,FALSE
BNKA_C7,1,16,2,0,1,16,TRUE,TRUE,FALSE,none,FALSE,FALSE,FALSE
BNKA_C8,1,18,2,0,1,16,TRUE,TRUE,FALSE,none,FALSE,FALSE,FALSE
BNKA_C9,1,20,2,0,1,16,TRUE,TRUE,FALSE,none,FALSE,FALSE,FALSE
BNKA_C10,1,22,2,0,1,16,TRUE,TRUE,FALSE,none,FALSE,FALSE,FALSE
BNKA_C11,1,24,2,0,1,16,TRUE,TRUE,FALSE,none,FALSE,FALSE,FALSE
BNKA_C12,1,26,2,0,1,16,TRUE,TRUE,FALSE,none,FALSE,FALSE,FALSE
BNKA_C13,1,28,2,0,1,16,TRUE,TRUE,FALSE,none,FALSE,FALSE,FALSE
BNKA_C14,1,30,2,0,1,16,TRUE,TRUE,FALSE,none,FALSE,FALSE,FALSE
BNKA_C15,1,32,2,0,1,16,TRUE,TRUE,FALSE,none,FALSE,FALSE,FALSE
BNKA_C16,1,34,2,0,1,16,TRUE,TRUE,FALSE,none,FALSE,FALSE,FALSE
BNKA_C17,1,36,2,0,1,16,TRUE,TRUE,FALSE,none,FALSE,FALSE,FALSE
BNKA_C18,1,38,2,0,1,16,TRUE,TRUE,FALSE,none,FALSE,FALSE,FALSE
BNKA_C19,1,40,2,0,1,16,TRUE,TRUE,FALSE,none,FALSE,FALSE,FALSE
BNKA_C20,1,42,2,0,1,16,TRUE,TRUE,FALSE,none,FALSE,FALSE,FALSE
BNKA_C21,1,44,2,0,1,16,TRUE,TRUE,FALSE,none,FALSE,FALSE,FALSE
BNKA_C22,1,46,2,0,1,16,TRUE,TRUE,FALSE,none,FALSE,FALSE,FALSE
BNKA_C23,1,48,2,0,1,16,TRUE,TRUE,FALSE,none,FALSE,FALSE,FALSE
BNKA_C24,1,50,2,0,1,16,TRUE,TRUE,FALSE,none,FALSE,FALSE,FALSE
BNKA_C25,1,52,2,0,1,16,TRUE,TRUE,FALSE,none,FALSE,FALSE,FALSE
BNKA_C26,1,54,2,0,1,16,TRUE,TRUE,FALSE,none,FALSE,FALSE,FALSE
BNKA_C27,1,56,2,0,1,16,TRUE,TRUE,FALSE,none,FALSE,FALSE,FALSE
BNKA_C28,1,58,2,0,1,16,TRUE,TRUE,FALSE,none,FALSE,FALSE,FALSE
BNKA_C29,1,60,2,0,1,16,TRUE,TRUE,FALSE,none,FALSE,FALSE,FALSE
BNKA_C30,1,62,2,0,1,16,TRUE,TRUE,FALSE,none,FALSE,FALSE,FALSE
BNKA_C31,1,64,2,0,1,16,TRUE,TRUE,FALSE,none,FALSE,FALSE,FALSE
PAGE,2,0,2,0,1,16,TRUE,TRUE,FALSE,none,FALSE,FALSE,FALSE
BNKB_C0,2,2,2,0,1,16,TRUE,TRUE,FALSE,none,FALSE,FALSE,FALSE
BNKB_C1,2,4,2,0,1,16,TRUE,TRUE,FALSE,none,FALSE,FALSE,FALSE
BNKB_C2,2,6,2,0,1,16,TRUE,TRUE,FALSE,none,FALSE,FALSE,FALSE
BNKB_C3,2,8,2,0,1,16,TRUE,TRUE,FALSE,none,FALSE,FALSE,FALSE
BNKB_C4,2,10,2,0,1,16,TRUE,TRUE,FALSE,none,FALSE,FALSE,FALSE
BNKB_C5,2,12,2,0,1,16,TRUE,TRUE,FALSE,none,FALSE,FALSE,FALSE
BNKB_C6,2,14,2,0,1,16,TRUE,TRUE,FALSE,none,FALSE,FALSE,FALSE
BNKB_C7,2,16,2,0,1,16,TRUE,TRUE,FALSE,none,FALSE,FALSE,FALSE
BNKB_C8,2,18,2,0,1,16,TRUE,TRUE,FALSE,none,FALSE,FALSE,FALSE
BNKB_C9,2,20,2,0,1,16,TRUE,TRUE,FALSE,none,FALSE,FALSE,FALSE
BNKB_C10,2,22,2,0,1,16,TRUE,TRUE,FALSE,none,FALSE,FALSE,FALSE
BNKB_C11,2,24,2,0,1,16,TRUE,TRUE,FALSE,none,FALSE,FALSE,FALSE
BNKB_C12,2,26,2,0,1,16,TRUE,TRUE,FALSE,none,FALSE,FALSE,FALSE
BNKB_C13,2,28,2,0,1,16,TRUE,TRUE,FALSE,none,FALSE,FALSE,FALSE
BNKB_C14,2,30,2,0,1,16,TRUE,TRUE,FALSE,none,FALSE,FALSE,FALSE
BNKB_C15,2,32,2,0,1,16,TRUE,TRUE,FALSE,none,FALSE,FALSE,FALSE
BNKB_C16,2,34,2,0,1,16,TRUE,TRUE,FALSE,none,FALSE,FALSE,FALSE
BNKB_C17,2,36,2,0,1,16,TRUE,TRUE,FALSE,none,FALSE,FALSE,FALSE
BNKB_C18,2,38,2,0,1,16,TRUE,TRUE,FALSE,none,FALSE,FALSE,FALSE
BNKB_C19,2,40,2,0,1,16,TRUE,TRUE,FALSE,none,FALSE,FALSE,FALSE
BNKB_C20,2,42,2,0,1,16,TRUE,TRUE,FALSE,none,FALSE,FALSE,FALSE
BNKB_C21,2,44,2,0,1,16,TRUE,TRUE,FALSE,none,FALSE,FALSE,FALSE
BNKB_C22,2,46,2,0,1,16,TRUE,TRUE,FALSE,none,FALSE,FALSE,FALSE
BNKB_C23,2,48,2,0,1,16,TRUE,TRUE,FALSE,none,FALSE,FALSE,FALSE
BNKB_C24,2,50,2,0,1,16,TRUE,TRUE,FALSE,none,FALSE,FALSE,FALSE
BNKB_C25,2,52,2,0,1,16,TRUE,TRUE,FALSE,none,FALSE,FALSE,FALSE
BNKB_C26,2,54,2,0,1,16,TRUE,TRUE,FALSE,none,FALSE,FALSE,FALSE
BNKB_C27,2,56,2,0,1,16,TRUE,TRUE,FALSE,none,FALSE,FALSE,FALSE
BNKB_C28,2,58,2,0,1,16,TRUE,TRUE,FALSE,none,FALSE,FALSE,FALSE
BNKB_C29,2,60,2,0,1,16,TRUE,TRUE,FALSE,none,FALSE,FALSE,FALSE
BNKB_C30,2,62,2,0,1,16,TRUE,TRUE,FALSE,none,FALSE,FALSE,FALSE
BNKB_C31,2,64,2,0,1,16,TRUE,TRUE,FALSE,none,FALSE,FALSE,FALSE
PAGE,3,0,2,0,1,16,TRUE,TRUE,FALSE,none,FALSE,FALSE,FALSE
BNKC_C0,3,2,2,0,1,16,TRUE,TRUE,FALSE,none,FALSE,FALSE,FALSE
BNKC_C1,3,4,2,0,1,16,TRUE,TRUE,FALSE,none,FALSE,FALSE,FALSE
BNKC_C2,3,6,2,0,1,16,TRUE,TRUE,FALSE,none,FALSE,FALSE,FALSE
BNKC_C3,3,8,2,0,1,16,TRUE,TRUE,FALSE,none,FALSE,FALSE,FALSE
BNKC_C4,3,10,2,0,1,16,TRUE,TRUE,FALSE,none,FALSE,FALSE,FALSE
BNKC_C5,3,12,2,0,1,16,TRUE,TRUE,FALSE,none,FALSE,FALSE,FALSE
BNKC_C6,3,14,2,0,1,16,TRUE,TRUE,FALSE,none,FALSE,FALSE,FALSE
BNKC_C7,3,16,2,0,1,16,TRUE,TRUE,FALSE,none,FALSE,FALSE,FALSE
BNKC_C8,3,18,2,0,1,16,TRUE,TRUE,FALSE,none,FALSE,FALSE,FALSE
BNKC_C9,3,20,2,0,1,16,TRUE,TRUE,FALSE,none,FALSE,FALSE,FALSE
BNKC_C10,3,22,2,0,1,16,TRUE,TRUE,FALSE,none,FALSE,FALSE,FALSE
BNKC_C11,3,24,2,0,1,16,TRUE,TRUE,FALSE,none,FALSE,FALSE,FALSE
BNKC_C12,3,26,2,0,1,16,TRUE,TRUE,FALSE,none,FALSE,FALSE,FALSE
BNKC_C13,3,28,2,0,1,16,TRUE,TRUE,FALSE,none,FALSE,FALSE,FALSE
BNKC_C14,3,30,2,0,1,16,TRUE,TRUE,FALSE,none,FALSE,FALSE,FALSE
BNKC_C15,3,32,2,0,1,16,TRUE,TRUE,FALSE,none,FALSE,FALSE,FALSE
BNKC_C16,3,34,2,0,1,16,TRUE,TRUE,FALSE,none,FALSE,FALSE,FALSE
BNKC_C17,3,36,2,0,1,16,TRUE,TRUE,FALSE,none,FALSE,FALSE,FALSE
BNKC_C18,3,38,2,0,1,16,TRUE,TRUE,FALSE,none,FALSE,FALSE,FALSE
BNKC_C19,3,40,2,0,1,16,TRUE,TRUE,FALSE,none,FALSE,FALSE,FALSE
BNKC_C20,3,42,2,0,1,16,TRUE,TRUE,FALSE,none,FALSE,FALSE,FALSE
BNKC_C21,3,44,2,0,1,16,TRUE,TRUE,FALSE,none,FALSE,FALSE,FALSE
BNKC_C22,3,46,2,0,1,16,TRUE,TRUE,FALSE,none,FALSE,FALSE,FALSE
BNKC_C23,3,48,2,0,1,16,TRUE,TRUE,FALSE,none,FALSE,FALSE,FALSE
BNKC_C24,3,50,2,0,1,16,TRUE,TRUE,FALSE,none,FALSE,FALSE,FALSE
BNKC_C25,3,52,2,0,1,16,TRUE,TRUE,FALSE,none,FALSE,FALSE,FALSE
BNKC_C26,3,54,2,0,1,16,TRUE,TRUE,FALSE,none,FALSE,FALSE,FALSE
BNKC_C27,3,56,2,0,1,16,TRUE,TRUE,FALSE,none,FALSE,FALSE,FALSE
BNKC_C28,3,58,2,0,1,16,TRUE,TRUE,FALSE,none,FALSE,FALSE,FALSE
BNKC_C29,3,60,2,0,1,16,TRUE,TRUE,FALSE,none,FALSE,FALSE,FALSE
BNKC_C30,3,62,2,0,1,16,TRUE,TRUE,FALSE,none,FALSE,FALSE,FALSE
BNKC_C31,3,64,2,0,1,16,TRUE,TRUE,FALSE,none,FALSE,FALSE,FALSE
PAGE,4,0,2,0,1,16,TRUE,TRUE,FALSE,none,FALSE,FALSE,FALSE
BNKD_C0,4,2,2,0,1,16,TRUE,TRUE,FALSE,none,FALSE,FALSE,FALSE
BNKD_C1,4,4,2,0,1,16,TRUE,TRUE,FALSE,none,FALSE,FALSE,FALSE
BNKD_C2,4,6,2,0,1,16,TRUE,TRUE,FALSE,none,FALSE,FALSE,FALSE
BNKD_C3,4,8,2,0,1,16,TRUE,TRUE,FALSE,none,FALSE,FALSE,FALSE
BNKD_C4,4,10,2,0,1,16,TRUE,TRUE,FALSE,none,FALSE,FALSE,FALSE
BNKD_C5,4,12,2,0,1,16,TRUE,TRUE,FALSE,none,FALSE,FALSE,FALSE
BNKD_C6,4,14,2,0,1,16,TRUE,TRUE,FALSE,none,FALSE,FALSE,FALSE
BNKD_C7,4,16,2,0,1,16,TRUE,TRUE,FALSE,none,FALSE,FALSE,FALSE
BNKD_C8,4,18,2,0,1,16,TRUE,TRUE,FALSE,none,FALSE,FALSE,FALSE
BNKD_C9,4,20,2,0,1,16,TRUE,TRUE,FALSE,none,FALSE,FALSE,FALSE
BNKD_C10,4,22,2,0,1,16,TRUE,TRUE,FALSE,none,FALSE,FALSE,FALSE
BNKD_C11,4,24,2,0,1,16,TRUE,TRUE,FALSE,none,FALSE,FALSE,FALSE
BNKD_C12,4,26,2,0,1,16,TRUE,TRUE,FALSE,none,FALSE,FALSE,FALSE
BNKD_C13,4,28,2,0,1,16,TRUE,TRUE,FALSE,none,FALSE,FALSE,FALSE
BNKD_C14,4,30,2,0,1,16,TRUE,TRUE,FALSE,none,FALSE,FALSE,FALSE
BNKD_C15,4,32,2,0,1,16,TRUE,TRUE,FALSE,none,FALSE,FALSE,FALSE
BNKD_C16,4,34,2,0,1,16,TRUE,TRUE,FALSE,none,FALSE,FALSE,FALSE
BNKD_C17,4,36,2,0,1,16,TRUE,TRUE,FALSE,none,FALSE,FALSE,FALSE
BNKD_C18,4,38,2,0,1,16,TRUE,TRUE,FALSE,none,FALSE,FALSE,FALSE
BNKD_C19,4,40,2,0,1,16,TRUE,TRUE,FALSE,none,FALSE,FALSE,FALSE
BNKD_C20,4,42,2,0,1,16,TRUE,TRUE,FALSE,none,FALSE,FALSE,FALSE
BNKD_C21,4,44,2,0,1,16,TRUE,TRUE,FALSE,none,FALSE,FALSE,FALSE
BNKD_C22,4,46,2,0,1,16,TRUE,TRUE,FALSE,none,FALSE,FALSE,FALSE
BNKD_C23,4,48,2,0,1,16,TRUE,TRUE,FALSE,none,FALSE,FALSE,FALSE
BNKD_C24,4,50,2,0,1,16,TRUE,TRUE,FALSE,none,FALSE,FALSE,FALSE
BNKD_C25,4,52,2,0,1,16,TRUE,TRUE,FALSE,none,FALSE,FALSE,FALSE
BNKD_C26,4,54,2,0,1,16,TRUE,TRUE,FALSE,none,FALSE,FALSE,FALSE
BNKD_C27,4,56,2,0,1,16,TRUE,TRUE,FALSE,none,FALSE,FALSE,FALSE
BNKD_C28,4,58,2,0,1,16,TRUE,TRUE,FALSE,none,FALSE,FALSE,FALSE
BNKD_C29,4,60,2,0,1,16,TRUE,TRUE,FALSE,none,FALSE,FALSE,FALSE
BNKD_C30,4,62,2,0,1,16,TRUE,TRUE,FALSE,none,FALSE,FALSE,FALSE
BNKD_C31,4,64,2,0,1,16,TRUE,TRUE,FALSE,none,FALSE,FALSE,FALSE
PAGE,5,0,2,0,1,16,TRUE,TRUE,FALSE,none,FALSE,FALSE,FALSE
BNKE_C0,5,2,2,0,1,16,TRUE,TRUE,FALSE,none,FALSE,FALSE,FALSE
BNKE_C1,5,4,2,0,1,16,TRUE,TRUE,FALSE,none,FALSE,FALSE,FALSE
BNKE_C2,5,6,2,0,1,16,TRUE,TRUE,FALSE,none,FALSE,FALSE,FALSE
BNKE_C3,5,8,2,0,1,16,TRUE,TRUE,FALSE,none,FALSE,FALSE,FALSE
BNKE_C4,5,10,2,0,1,16,TRUE,TRUE,FALSE,none,FALSE,FALSE,FALSE
BNKE_C5,5,12,2,0,1,16,TRUE,TRUE,FALSE,none,FALSE,FALSE,FALSE
BNKE_C6,5,14,2,0,1,16,TRUE,TRUE,FALSE,none,FALSE,FALSE,FALSE
BNKE_C7,5,16,2,0,1,16,TRUE,TRUE,FALSE,none,FALSE,FALSE,FALSE
BNKE_C8,5,18,2,0,1,16,TRUE,TRUE,FALSE,none,FALSE,FALSE,FALSE
BNKE_C9,5,20,2,0,1,16,TRUE,TRUE,FALSE,none,FALSE,FALSE,FALSE
BNKE_C10,5,22,2,0,1,16,TRUE,TRUE,FALSE,none,FALSE,FALSE,FALSE
BNKE_C11,5,24,2,0,1,16,TRUE,TRUE,FALSE,none,FALSE,FALSE,FALSE
BNKE_C12,5,26,2,0,1,16,TRUE,TRUE,FALSE,none,FALSE,FALSE,FALSE
BNKE_C13,5,28,2,0,1,16,TRUE,TRUE,FALSE,none,FALSE,FALSE,FALSE
BNKE_C14,5,30,2,0,1,16,TRUE,TRUE,FALSE,none,FALSE,FALSE,FALSE
BNKE_C15,5,32,2,0,1,16,TRUE,TRUE,FALSE,none,FALSE,FALSE,FALSE
BNKE_C16,5,34,2,0,1,16,TRUE,TRUE,FALSE,none,FALSE,FALSE,FALSE
BNKE_C17,5,36,2,0,1,16,TRUE,TRUE,FALSE,none,FALSE,FALSE,FALSE
BNKE_C18,5,38,2,0,1,16,TRUE,TRUE,FALSE,none,FALSE,FALSE,FALSE
BNKE_C19,5,40,2,0,1,16,TRUE,TRUE,FALSE,none,FALSE,FALSE,FALSE
BNKE_C20,5,42,2,0,1,16,TRUE,TRUE,FALSE,none,FALSE,FALSE,FALSE
BNKE_C21,5,44,2,0,1,16,TRUE,TRUE,FALSE,none,FALSE,FALSE,FALSE
BNKE_C22,5,46,2,0,1,16,TRUE,TRUE,FALSE,none,FALSE,FALSE,FALSE
BNKE_C23,5,48,2,0,1,16,TRUE,TRUE,FALSE,none,FALSE,FALSE,FALSE
BNKE_C24,5,50,2,0,1,16,TRUE,TRUE,FALSE,none,FALSE,FALSE,FALSE
BNKE_C25,5,52,2,0,1,16,TRUE,TRUE,FALSE,none,FALSE,FALSE,FALSE
BNKE_C26,5,54,2,0,1,16,TRUE,TRUE,FALSE,none,FALSE,FALSE,FALSE
BNKE_C27,5,56,2,0,1,16,TRUE,TRUE,FALSE,none,FALSE,FALSE,FALSE
BNKE_C28,5,58,2,0,1,16,TRUE,TRUE,FALSE,none,FALSE,FALSE,FALSE
BNKE_C29,5,60,2,0,1,16,TRUE,TRUE,FALSE,none,FALSE,FALSE,FALSE
BNKE_C30,5,62,2,0,1,16,TRUE,TRUE,FALSE,none,FALSE,FALSE,FALSE
BNKE_C31,5,64,2,0,1,16,TRUE,TRUE,FALSE,none,FALSE,FALSE,FALSE
PAGE,6,0,2,0,1,16,TRUE,TRUE,FALSE,none,FALSE,FALSE,FALSE
BNKF_C0,6,2,2,0,1,16,TRUE,TRUE,FALSE,none,FALSE,FALSE,FALSE
BNKF_C1,6,4,2,0,1,16,TRUE,TRUE,FALSE,none,FALSE,FALSE,FALSE
BNKF_C2,6,6,2,0,1,16,TRUE,TRUE,FALSE,none,FALSE,FALSE,FALSE
BNKF_C3,6,8,2,0,1,16,TRUE,TRUE,FALSE,none,FALSE,FALSE,FALSE
BNKF_C4,6,10,2,0,1,16,TRUE,TRUE,FALSE,none,FALSE,FALSE,FALSE
BNKF_C5,6,12,2,0,1,16,TRUE,TRUE,FALSE,none,FALSE,FALSE,FALSE
BNKF_C6,6,14,2,0,1,16,TRUE,TRUE,FALSE,none,FALSE,FALSE,FALSE
BNKF_C7,6,16,2,0,1,16,TRUE,TRUE,FALSE,none,FALSE,FALSE,FALSE
BNKF_C8,6,18,2,0,1,16,TRUE,TRUE,FALSE,none,FALSE,FALSE,FALSE
BNKF_C9,6,20,2,0,1,16,TRUE,TRUE,FALSE,none,FALSE,FALSE,FALSE
BNKF_C10,6,22,2,0,1,16,TRUE,TRUE,FALSE,none,FALSE,FALSE,FALSE
BNKF_C11,6,24,2,0,1,16,TRUE,TRUE,FALSE,none,FALSE,FALSE,FALSE
BNKF_C12,6,26,2,0,1,16,TRUE,TRUE,FALSE,none,FALSE,FALSE,FALSE
BNKF_C13,6,28,2,0,1,16,TRUE,TRUE,FALSE,none,FALSE,FALSE,FALSE
BNKF_C14,6,30,2,0,1,16,TRUE,TRUE,FALSE,none,FALSE,FALSE,FALSE
BNKF_C15,6,32,2,0,1,16,TRUE,TRUE,FALSE,none,FALSE,FALSE,FALSE
BNKF_C16,6,34,2,0,1,16,TRUE,TRUE,FALSE,none,FALSE,FALSE,FALSE
BNKF_C17,6,36,2,0,1,16,TRUE,TRUE,FALSE,none,FALSE,FALSE,FALSE
BNKF_C18,6,38,2,0,1,16,TRUE,TRUE,FALSE,none,FALSE,FALSE,FALSE
BNKF_C19,6,40,2,0,1,16,TRUE,TRUE,FALSE,none,FALSE,FALSE,FALSE
BNKF_C20,6,42,2,0,1,16,TRUE,TRUE,FALSE,none,FALSE,FALSE,FALSE
BNKF_C21,6,44,2,0,1,16,TRUE,TRUE,FALSE,none,FALSE,FALSE,FALSE
BNKF_C22,6,46,2,0,1,16,TRUE,TRUE,FALSE,none,FALSE,FALSE,FALSE
BNKF_C23,6,48,2,0,1,16,TRUE,TRUE,FALSE,none,FALSE,FALSE,FALSE
BNKF_C24,6,50,2,0,1,16,TRUE,TRUE,FALSE,none,FALSE,FALSE,FALSE
BNKF_C25,6,52,2,0,1,16,TRUE,TRUE,FALSE,none,FALSE,FALSE,FALSE
BNKF_C26,6,54,2,0,1,16,TRUE,TRUE,FALSE,none,FALSE,FALSE,FALSE
BNKF_C27,6,56,2,0,1,16,TRUE,TRUE,FALSE,none,FALSE,FALSE,FALSE
BNKF_C28,6,58,2,0,1,16,TRUE,TRUE,FALSE,none,FALSE,FALSE,FALSE
BNKF_C29,6,60,2,0,1,16,TRUE,TRUE,FALSE,none,FALSE,FALSE,FALSE
BNKF_C30,6,62,2,0,1,16,TRUE,TRUE,FALSE,none,FALSE,FALSE,FALSE
BNKF_C31,6,64,2,0,1,16,TRUE,TRUE,FALSE,none,FALSE,FALSE,FALSE
