Label,Page,Addr,NumBytes,RegOffset,RegScale,ReadLen,ReadFlag,WriteFlag,TwosCompl,PwPrtect,Default,CalReg,FLOAT
PAGE_ID,0,0,2,0,1,16,1,1,0,0,,0,FALSE
SEQ_CNT,0,6,2,0,1,16,1,1,0,0,,0,FALSE
SYS_E_FLAG,0,8,2,0,1,16,1,0,0,0,,0,FALSE
DIAG_STS,0,10,2,0,1,16,1,0,0,0,,0,FALSE
ALM_STS,0,12,2,0,1,16,1,0,0,0,,0,FALSE
TEMP_OUT,0,14,2,-25,0.00565,16,1,0,1,0,,0,FALSE
X_GYRO_LOW,0,16,4,0,3.05E-07,32,1,0,1,0,,0,FALSE
X_GYRO_OUT,0,18,2,0,0.02,16,1,0,1,0,,0,FALSE
Y_GYRO_LOW,0,20,4,0,3.05E-07,32,1,0,1,0,,0,FALSE
Y_GYRO_OUT,0,22,2,0,0.02,16,1,0,1,0,,0,FALSE
Z_GYRO_LOW,0,24,4,0,3.05E-07,32,1,0,1,0,,0,FALSE
Z_GYRO_OUT,0,26,2,0,0.02,16,1,0,1,0,,0,FALSE
X_ACCL_LOW,0,28,4,0,1.22E-08,32,1,0,1,0,,0,FALSE
X_ACCL_OUT,0,30,2,0,0.0008,16,1,0,1,0,,0,FALSE
Y_ACCL_LOW,0,32,4,0,1.22E-08,32,1,0,1,0,,0,FALSE
Y_ACCL_OUT,0,34,2,0,0.0008,16,1,0,1,0,,0,FALSE
Z_ACCL_LOW,0,36,4,0,1.22E-08,32,1,0,1,0,,0,FALSE
Z_ACCL_OUT,0,38,2,0,0.0008,16,1,0,1,0,,0,FALSE
X_MAGN_OUT,0,40,2,0,0.1,16,1,0,1,0,,0,FALSE
Y_MAGN_OUT,0,42,2,0,0.1,16,1,0,1,0,,0,FALSE
Z_MAGN_OUT,0,44,2,0,0.1,16,1,0,1,0,,0,FALSE
BAROM_LOW,0,46,4,0,6.10E-07,32,1,0,1,0,,0,FALSE
BAROM_OUT,0,48,2,0,0.04,16,1,0,1,0,,0,FALSE
X_DELTANG_LOW,0,64,4,0,3.35E-07,32,1,0,1,0,,0,FALSE
X_DELTANG_OUT,0,66,2,0,0.021973,16,1,0,1,0,,0,FALSE
Y_DELTANG_LOW,0,68,4,0,3.35E-07,32,1,0,1,0,,0,FALSE
Y_DELTANG_OUT,0,70,2,0,0.021973,16,1,0,1,0,,0,FALSE
Z_DELTANG_LOW,0,72,4,0,3.35E-07,32,1,0,1,0,,0,FALSE
Z_DELTANG_OUT,0,74,2,0,0.021973,16,1,0,1,0,,0,FALSE
X_DELTVEL_LOW,0,76,4,0,9.31E-08,32,1,0,1,0,,0,FALSE
X_DELTVEL_OUT,0,78,2,0,0.006104,16,1,0,1,0,,0,FALSE
Y_DELTVEL_LOW,0,80,4,0,9.31E-08,32,1,0,1,0,,0,FALSE
Y_DELTVEL_OUT,0,82,2,0,0.006104,16,1,0,1,0,,0,FALSE
Z_DELTVEL_LOW,0,84,4,0,9.31E-08,32,1,0,1,0,,0,FALSE
Z_DELTVEL_OUT,0,86,2,0,0.006104,16,1,0,1,0,,0,FALSE
TIME_MS_OUT,0,120,2,0,1,16,1,1,0,0,,0,FALSE
TIME_DH_OUT,0,122,2,0,1,16,1,1,0,0,,0,FALSE
TIME_YM_OUT,0,124,2,0,1,16,1,1,0,0,,0,FALSE
PROD_ID,0,126,2,0,1,16,1,0,0,1,,0,FALSE
PAGE_ID,2,0,2,0,1,16,1,1,0,0,,0,FALSE
X_GYRO_SCALE,2,4,2,0,0.003052,16,1,1,1,0,0,0,FALSE
Y_GYRO_SCALE,2,6,2,0,0.003052,16,1,1,1,0,0,0,FALSE
Z_GYRO_SCALE,2,8,2,0,0.003052,16,1,1,1,0,0,0,FALSE
X_ACCL_SCALE,2,10,2,0,0.003052,16,1,1,1,0,0,0,FALSE
Y_ACCL_SCALE,2,12,2,0,0.003052,16,1,1,1,0,0,0,FALSE
Z_ACCL_SCALE,2,14,2,0,0.003052,16,1,1,1,0,0,0,FALSE
XG_BIAS_LOW,2,16,4,0,3.05E-07,32,1,1,1,0,0,0,FALSE
XG_BIAS_HIGH,2,18,2,0,0.02,16,1,1,1,0,0,0,FALSE
YG_BIAS_LOW,2,20,4,0,3.05E-07,32,1,1,1,0,0,0,FALSE
YG_BIAS_HIGH,2,22,2,0,0.02,16,1,1,1,0,0,0,FALSE
ZG_BIAS_LOW,2,24,4,0,3.05E-07,32,1,1,1,0,0,0,FALSE
ZG_BIAS_HIGH,2,26,2,0,0.02,16,1,1,1,0,0,0,FALSE
XA_BIAS_LOW,2,28,4,0,1.22E-08,32,1,1,1,0,,0,FALSE
XA_BIAS_HIGH,2,30,2,0,0.0008,16,1,1,1,0,,0,FALSE
YA_BIAS_LOW,2,32,4,0,1.22E-08,32,1,1,1,0,,0,FALSE
YA_BIAS_HIGH,2,34,2,0,0.0008,16,1,1,1,0,,0,FALSE
ZA_BIAS_LOW,2,36,4,0,1.22E-08,32,1,1,1,0,,0,FALSE
ZA_BIAS_HIGH,2,38,2,0,0.0008,16,1,1,1,0,,0,FALSE
HARD_IRON_X,2,40,2,0,0.0001,16,1,1,1,0,,0,FALSE
HARD_IRON_Y,2,42,2,0,0.0001,16,1,1,1,0,,0,FALSE
HARD_IRON_Z,2,44,2,0,0.0001,16,1,1,1,0,,0,FALSE
SOFT_IRON_S11,2,46,2,0,1,16,1,1,1,0,,0,FALSE
SOFT_IRON_S12,2,48,2,0,1,16,1,1,1,0,,0,FALSE
SOFT_IRON_S13,2,50,2,0,1,16,1,1,1,0,,0,FALSE
SOFT_IRON_S21,2,52,2,0,1,16,1,1,1,0,,0,FALSE
SOFT_IRON_S22,2,54,2,0,1,16,1,1,1,0,,0,FALSE
SOFT_IRON_S23,2,56,2,0,1,16,1,1,1,0,,0,FALSE
SOFT_IRON_S31,2,58,2,0,1,16,1,1,1,0,,0,FALSE
SOFT_IRON_S32,2,60,2,0,1,16,1,1,1,0,,0,FALSE
SOFT_IRON_S33,2,62,2,0,1,16,1,1,1,0,,0,FALSE
BR_BIAS_LOW,2,64,4,0,6.10E-07,32,1,1,1,0,,0,FALSE
BR_BIAS_HIGH,2,66,2,0,0.04,16,1,1,1,0,,0,FALSE
USER_SCR_1,2,116,2,0,1,16,1,1,0,0,,0,FALSE
USER_SCR_2,2,118,2,0,1,16,1,1,0,0,,0,FALSE
USER_SCR_3,2,120,2,0,1,16,1,1,0,0,,0,FALSE
USER_SCR_4,2,122,2,0,1,16,1,1,0,0,,0,FALSE
FLSHCNT_LOW,2,124,2,0,1,16,1,0,0,0,,0,FALSE
FLSHCNT_HIGH,2,126,2,0,1,16,1,0,0,0,,0,FALSE
PAGE_ID,3,0,2,0,1,16,1,1,0,0,,0,FALSE
GLOB_CMD,3,2,2,0,1,16,0,1,0,0,,0,FALSE
FNCTIO_CTRL,3,6,2,0,1,16,1,1,0,0,0,0,FALSE
GPIO_CTRL,3,8,2,0,1,16,1,1,0,0,,0,FALSE
CONFIG,3,10,2,0,1,16,1,1,0,0,195,0,FALSE
DEC_RATE,3,12,2,0,1,16,1,1,0,0,0,0,FALSE
NULL_CNFG,3,14,2,0,1,16,1,1,0,0,0,0,FALSE
SLP_CNT,3,16,2,0,1,16,1,1,0,0,0,0,FALSE
FILTR_BNK_0,3,22,2,0,1,16,1,1,0,0,0,0,FALSE
FILTR_BNK_1,3,24,2,0,1,16,1,1,0,0,0,0,FALSE
ALM_CNFG_0,3,32,2,0,1,16,1,1,0,0,0,0,FALSE
ALM_CNFG_1,3,34,2,0,1,16,1,1,0,0,0,0,FALSE
ALM_CNFG_2,3,36,2,0,1,16,1,1,0,0,0,0,FALSE
XG_ALM_MAGN,3,40,2,0,1,16,1,1,1,0,0,0,FALSE
YG_ALM_MAGN,3,42,2,0,1,16,1,1,1,0,0,0,FALSE
ZG_ALM_MAGN,3,44,2,0,1,16,1,1,1,0,0,0,FALSE
XA_ALM_MAGN,3,46,2,0,1,16,1,1,1,0,0,0,FALSE
YA_ALM_MAGN,3,48,2,0,1,16,1,1,1,0,0,0,FALSE
ZA_ALM_MAGN,3,50,2,0,1,16,1,1,1,0,0,0,FALSE
XM_ALM_MAGN,3,52,2,0,1,16,1,1,1,0,0,0,FALSE
YM_ALM_MAGN,3,54,2,0,1,16,1,1,1,0,0,0,FALSE
ZM_ALM_MAGN,3,56,2,0,1,16,1,1,1,0,0,0,FALSE
BR_ALM_MAGN,3,58,2,0,1,16,1,1,1,0,0,0,FALSE
FIRM_REV,3,120,2,0,1,16,1,0,0,1,,0,FALSE
FIRM_DM,3,122,2,0,1,16,1,0,0,1,,0,FALSE
FIRM_Y,3,124,2,0,1,16,1,0,0,1,,0,FALSE
SERIAL_NUM,4,32,2,0,1,16,1,1,0,1,,0,FALSE
PAGE,5,0,2,0,1,16,1,1,0,0,,0,FALSE
BNKA_C0,5,8,2,0,1,16,1,1,1,0,,0,TRUE
BNKA_C1,5,10,2,0,1,16,1,1,1,0,,0,TRUE
BNKA_C2,5,12,2,0,1,16,1,1,1,0,,0,TRUE
BNKA_C3,5,14,2,0,1,16,1,1,1,0,,0,TRUE
BNKA_C4,5,16,2,0,1,16,1,1,1,0,,0,TRUE
BNKA_C5,5,18,2,0,1,16,1,1,1,0,,0,TRUE
BNKA_C6,5,20,2,0,1,16,1,1,1,0,,0,TRUE
BNKA_C7,5,22,2,0,1,16,1,1,1,0,,0,TRUE
BNKA_C8,5,24,2,0,1,16,1,1,1,0,,0,TRUE
BNKA_C9,5,26,2,0,1,16,1,1,1,0,,0,TRUE
BNKA_C10,5,28,2,0,1,16,1,1,1,0,,0,TRUE
BNKA_C11,5,30,2,0,1,16,1,1,1,0,,0,TRUE
BNKA_C12,5,32,2,0,1,16,1,1,1,0,,0,TRUE
BNKA_C13,5,34,2,0,1,16,1,1,1,0,,0,TRUE
BNKA_C14,5,36,2,0,1,16,1,1,1,0,,0,TRUE
BNKA_C15,5,38,2,0,1,16,1,1,1,0,,0,TRUE
BNKA_C16,5,40,2,0,1,16,1,1,1,0,,0,TRUE
BNKA_C17,5,42,2,0,1,16,1,1,1,0,,0,TRUE
BNKA_C18,5,44,2,0,1,16,1,1,1,0,,0,TRUE
BNKA_C19,5,46,2,0,1,16,1,1,1,0,,0,TRUE
BNKA_C20,5,48,2,0,1,16,1,1,1,0,,0,TRUE
BNKA_C21,5,50,2,0,1,16,1,1,1,0,,0,TRUE
BNKA_C22,5,52,2,0,1,16,1,1,1,0,,0,TRUE
BNKA_C23,5,54,2,0,1,16,1,1,1,0,,0,TRUE
BNKA_C24,5,56,2,0,1,16,1,1,1,0,,0,TRUE
BNKA_C25,5,58,2,0,1,16,1,1,1,0,,0,TRUE
BNKA_C26,5,60,2,0,1,16,1,1,1,0,,0,TRUE
BNKA_C27,5,62,2,0,1,16,1,1,1,0,,0,TRUE
BNKA_C28,5,64,2,0,1,16,1,1,1,0,,0,TRUE
BNKA_C29,5,66,2,0,1,16,1,1,1,0,,0,TRUE
BNKA_C30,5,68,2,0,1,16,1,1,1,0,,0,TRUE
BNKA_C31,5,70,2,0,1,16,1,1,1,0,,0,TRUE
BNKA_C32,5,72,2,0,1,16,1,1,1,0,,0,TRUE
BNKA_C33,5,74,2,0,1,16,1,1,1,0,,0,TRUE
BNKA_C34,5,76,2,0,1,16,1,1,1,0,,0,TRUE
BNKA_C35,5,78,2,0,1,16,1,1,1,0,,0,TRUE
BNKA_C36,5,80,2,0,1,16,1,1,1,0,,0,TRUE
BNKA_C37,5,82,2,0,1,16,1,1,1,0,,0,TRUE
BNKA_C38,5,84,2,0,1,16,1,1,1,0,,0,TRUE
BNKA_C39,5,86,2,0,1,16,1,1,1,0,,0,TRUE
BNKA_C40,5,88,2,0,1,16,1,1,1,0,,0,TRUE
BNKA_C41,5,90,2,0,1,16,1,1,1,0,,0,TRUE
BNKA_C42,5,92,2,0,1,16,1,1,1,0,,0,TRUE
BNKA_C43,5,94,2,0,1,16,1,1,1,0,,0,TRUE
BNKA_C44,5,96,2,0,1,16,1,1,1,0,,0,TRUE
BNKA_C45,5,98,2,0,1,16,1,1,1,0,,0,TRUE
BNKA_C46,5,100,2,0,1,16,1,1,1,0,,0,TRUE
BNKA_C47,5,102,2,0,1,16,1,1,1,0,,0,TRUE
BNKA_C48,5,104,2,0,1,16,1,1,1,0,,0,TRUE
BNKA_C49,5,106,2,0,1,16,1,1,1,0,,0,TRUE
BNKA_C50,5,108,2,0,1,16,1,1,1,0,,0,TRUE
BNKA_C51,5,110,2,0,1,16,1,1,1,0,,0,TRUE
BNKA_C52,5,112,2,0,1,16,1,1,1,0,,0,TRUE
BNKA_C53,5,114,2,0,1,16,1,1,1,0,,0,TRUE
BNKA_C54,5,116,2,0,1,16,1,1,1,0,,0,TRUE
BNKA_C55,5,118,2,0,1,16,1,1,1,0,,0,TRUE
BNKA_C56,5,120,2,0,1,16,1,1,1,0,,0,TRUE
BNKA_C57,5,122,2,0,1,16,1,1,1,0,,0,TRUE
BNKA_C58,5,124,2,0,1,16,1,1,1,0,,0,TRUE
BNKA_C59,5,126,2,0,1,16,1,1,1,0,,0,TRUE
PAGE,6,0,2,0,1,16,1,1,0,0,,0,FALSE
BNKA_C60,6,8,2,0,1,16,1,1,1,0,,0,TRUE
BNKA_C61,6,10,2,0,1,16,1,1,1,0,,0,TRUE
BNKA_C62,6,12,2,0,1,16,1,1,1,0,,0,TRUE
BNKA_C63,6,14,2,0,1,16,1,1,1,0,,0,TRUE
BNKA_C64,6,16,2,0,1,16,1,1,1,0,,0,TRUE
BNKA_C65,6,18,2,0,1,16,1,1,1,0,,0,TRUE
BNKA_C66,6,20,2,0,1,16,1,1,1,0,,0,TRUE
BNKA_C67,6,22,2,0,1,16,1,1,1,0,,0,TRUE
BNKA_C68,6,24,2,0,1,16,1,1,1,0,,0,TRUE
BNKA_C69,6,26,2,0,1,16,1,1,1,0,,0,TRUE
BNKA_C70,6,28,2,0,1,16,1,1,1,0,,0,TRUE
BNKA_C71,6,30,2,0,1,16,1,1,1,0,,0,TRUE
BNKA_C72,6,32,2,0,1,16,1,1,1,0,,0,TRUE
BNKA_C73,6,34,2,0,1,16,1,1,1,0,,0,TRUE
BNKA_C74,6,36,2,0,1,16,1,1,1,0,,0,TRUE
BNKA_C75,6,38,2,0,1,16,1,1,1,0,,0,TRUE
BNKA_C76,6,40,2,0,1,16,1,1,1,0,,0,TRUE
BNKA_C77,6,42,2,0,1,16,1,1,1,0,,0,TRUE
BNKA_C78,6,44,2,0,1,16,1,1,1,0,,0,TRUE
BNKA_C79,6,46,2,0,1,16,1,1,1,0,,0,TRUE
BNKA_C80,6,48,2,0,1,16,1,1,1,0,,0,TRUE
BNKA_C81,6,50,2,0,1,16,1,1,1,0,,0,TRUE
BNKA_C82,6,52,2,0,1,16,1,1,1,0,,0,TRUE
BNKA_C83,6,54,2,0,1,16,1,1,1,0,,0,TRUE
BNKA_C84,6,56,2,0,1,16,1,1,1,0,,0,TRUE
BNKA_C85,6,58,2,0,1,16,1,1,1,0,,0,TRUE
BNKA_C86,6,60,2,0,1,16,1,1,1,0,,0,TRUE
BNKA_C87,6,62,2,0,1,16,1,1,1,0,,0,TRUE
BNKA_C88,6,64,2,0,1,16,1,1,1,0,,0,TRUE
BNKA_C89,6,66,2,0,1,16,1,1,1,0,,0,TRUE
BNKA_C90,6,68,2,0,1,16,1,1,1,0,,0,TRUE
BNKA_C91,6,70,2,0,1,16,1,1,1,0,,0,TRUE
BNKA_C92,6,72,2,0,1,16,1,1,1,0,,0,TRUE
BNKA_C93,6,74,2,0,1,16,1,1,1,0,,0,TRUE
BNKA_C94,6,76,2,0,1,16,1,1,1,0,,0,TRUE
BNKA_C95,6,78,2,0,1,16,1,1,1,0,,0,TRUE
BNKA_C96,6,80,2,0,1,16,1,1,1,0,,0,TRUE
BNKA_C97,6,82,2,0,1,16,1,1,1,0,,0,TRUE
BNKA_C98,6,84,2,0,1,16,1,1,1,0,,0,TRUE
BNKA_C99,6,86,2,0,1,16,1,1,1,0,,0,TRUE
BNKA_C100,6,88,2,0,1,16,1,1,1,0,,0,TRUE
BNKA_C101,6,90,2,0,1,16,1,1,1,0,,0,TRUE
BNKA_C102,6,92,2,0,1,16,1,1,1,0,,0,TRUE
BNKA_C103,6,94,2,0,1,16,1,1,1,0,,0,TRUE
BNKA_C104,6,96,2,0,1,16,1,1,1,0,,0,TRUE
BNKA_C105,6,98,2,0,1,16,1,1,1,0,,0,TRUE
BNKA_C106,6,100,2,0,1,16,1,1,1,0,,0,TRUE
BNKA_C107,6,102,2,0,1,16,1,1,1,0,,0,TRUE
BNKA_C108,6,104,2,0,1,16,1,1,1,0,,0,TRUE
BNKA_C109,6,106,2,0,1,16,1,1,1,0,,0,TRUE
BNKA_C110,6,108,2,0,1,16,1,1,1,0,,0,TRUE
BNKA_C111,6,110,2,0,1,16,1,1,1,0,,0,TRUE
BNKA_C112,6,112,2,0,1,16,1,1,1,0,,0,TRUE
BNKA_C113,6,114,2,0,1,16,1,1,1,0,,0,TRUE
BNKA_C114,6,116,2,0,1,16,1,1,1,0,,0,TRUE
BNKA_C115,6,118,2,0,1,16,1,1,1,0,,0,TRUE
BNKA_C116,6,120,2,0,1,16,1,1,1,0,,0,TRUE
BNKA_C117,6,122,2,0,1,16,1,1,1,0,,0,TRUE
BNKA_C118,6,124,2,0,1,16,1,1,1,0,,0,TRUE
BNKA_C119,6,126,2,0,1,16,1,1,1,0,,0,TRUE
PAGE,7,0,2,0,1,16,1,1,0,0,,0,FALSE
BNKB_C0,7,8,2,0,1,16,1,1,1,0,,0,TRUE
BNKB_C1,7,10,2,0,1,16,1,1,1,0,,0,TRUE
BNKB_C2,7,12,2,0,1,16,1,1,1,0,,0,TRUE
BNKB_C3,7,14,2,0,1,16,1,1,1,0,,0,TRUE
BNKB_C4,7,16,2,0,1,16,1,1,1,0,,0,TRUE
BNKB_C5,7,18,2,0,1,16,1,1,1,0,,0,TRUE
BNKB_C6,7,20,2,0,1,16,1,1,1,0,,0,TRUE
BNKB_C7,7,22,2,0,1,16,1,1,1,0,,0,TRUE
BNKB_C8,7,24,2,0,1,16,1,1,1,0,,0,TRUE
BNKB_C9,7,26,2,0,1,16,1,1,1,0,,0,TRUE
BNKB_C10,7,28,2,0,1,16,1,1,1,0,,0,TRUE
BNKB_C11,7,30,2,0,1,16,1,1,1,0,,0,TRUE
BNKB_C12,7,32,2,0,1,16,1,1,1,0,,0,TRUE
BNKB_C13,7,34,2,0,1,16,1,1,1,0,,0,TRUE
BNKB_C14,7,36,2,0,1,16,1,1,1,0,,0,TRUE
BNKB_C15,7,38,2,0,1,16,1,1,1,0,,0,TRUE
BNKB_C16,7,40,2,0,1,16,1,1,1,0,,0,TRUE
BNKB_C17,7,42,2,0,1,16,1,1,1,0,,0,TRUE
BNKB_C18,7,44,2,0,1,16,1,1,1,0,,0,TRUE
BNKB_C19,7,46,2,0,1,16,1,1,1,0,,0,TRUE
BNKB_C20,7,48,2,0,1,16,1,1,1,0,,0,TRUE
BNKB_C21,7,50,2,0,1,16,1,1,1,0,,0,TRUE
BNKB_C22,7,52,2,0,1,16,1,1,1,0,,0,TRUE
BNKB_C23,7,54,2,0,1,16,1,1,1,0,,0,TRUE
BNKB_C24,7,56,2,0,1,16,1,1,1,0,,0,TRUE
BNKB_C25,7,58,2,0,1,16,1,1,1,0,,0,TRUE
BNKB_C26,7,60,2,0,1,16,1,1,1,0,,0,TRUE
BNKB_C27,7,62,2,0,1,16,1,1,1,0,,0,TRUE
BNKB_C28,7,64,2,0,1,16,1,1,1,0,,0,TRUE
BNKB_C29,7,66,2,0,1,16,1,1,1,0,,0,TRUE
BNKB_C30,7,68,2,0,1,16,1,1,1,0,,0,TRUE
BNKB_C31,7,70,2,0,1,16,1,1,1,0,,0,TRUE
BNKB_C32,7,72,2,0,1,16,1,1,1,0,,0,TRUE
BNKB_C33,7,74,2,0,1,16,1,1,1,0,,0,TRUE
BNKB_C34,7,76,2,0,1,16,1,1,1,0,,0,TRUE
BNKB_C35,7,78,2,0,1,16,1,1,1,0,,0,TRUE
BNKB_C36,7,80,2,0,1,16,1,1,1,0,,0,TRUE
BNKB_C37,7,82,2,0,1,16,1,1,1,0,,0,TRUE
BNKB_C38,7,84,2,0,1,16,1,1,1,0,,0,TRUE
BNKB_C39,7,86,2,0,1,16,1,1,1,0,,0,TRUE
BNKB_C40,7,88,2,0,1,16,1,1,1,0,,0,TRUE
BNKB_C41,7,90,2,0,1,16,1,1,1,0,,0,TRUE
BNKB_C42,7,92,2,0,1,16,1,1,1,0,,0,TRUE
BNKB_C43,7,94,2,0,1,16,1,1,1,0,,0,TRUE
BNKB_C44,7,96,2,0,1,16,1,1,1,0,,0,TRUE
BNKB_C45,7,98,2,0,1,16,1,1,1,0,,0,TRUE
BNKB_C46,7,100,2,0,1,16,1,1,1,0,,0,TRUE
BNKB_C47,7,102,2,0,1,16,1,1,1,0,,0,TRUE
BNKB_C48,7,104,2,0,1,16,1,1,1,0,,0,TRUE
BNKB_C49,7,106,2,0,1,16,1,1,1,0,,0,TRUE
BNKB_C50,7,108,2,0,1,16,1,1,1,0,,0,TRUE
BNKB_C51,7,110,2,0,1,16,1,1,1,0,,0,TRUE
BNKB_C52,7,112,2,0,1,16,1,1,1,0,,0,TRUE
BNKB_C53,7,114,2,0,1,16,1,1,1,0,,0,TRUE
BNKB_C54,7,116,2,0,1,16,1,1,1,0,,0,TRUE
BNKB_C55,7,118,2,0,1,16,1,1,1,0,,0,TRUE
BNKB_C56,7,120,2,0,1,16,1,1,1,0,,0,TRUE
BNKB_C57,7,122,2,0,1,16,1,1,1,0,,0,TRUE
BNKB_C58,7,124,2,0,1,16,1,1,1,0,,0,TRUE
BNKB_C59,7,126,2,0,1,16,1,1,1,0,,0,TRUE
PAGE,8,0,2,0,1,16,1,1,0,0,,0,FALSE
BNKB_C60,8,8,2,0,1,16,1,1,1,0,,0,TRUE
BNKB_C61,8,10,2,0,1,16,1,1,1,0,,0,TRUE
BNKB_C62,8,12,2,0,1,16,1,1,1,0,,0,TRUE
BNKB_C63,8,14,2,0,1,16,1,1,1,0,,0,TRUE
BNKB_C64,8,16,2,0,1,16,1,1,1,0,,0,TRUE
BNKB_C65,8,18,2,0,1,16,1,1,1,0,,0,TRUE
BNKB_C66,8,20,2,0,1,16,1,1,1,0,,0,TRUE
BNKB_C67,8,22,2,0,1,16,1,1,1,0,,0,TRUE
BNKB_C68,8,24,2,0,1,16,1,1,1,0,,0,TRUE
BNKB_C69,8,26,2,0,1,16,1,1,1,0,,0,TRUE
BNKB_C70,8,28,2,0,1,16,1,1,1,0,,0,TRUE
BNKB_C71,8,30,2,0,1,16,1,1,1,0,,0,TRUE
BNKB_C72,8,32,2,0,1,16,1,1,1,0,,0,TRUE
BNKB_C73,8,34,2,0,1,16,1,1,1,0,,0,TRUE
BNKB_C74,8,36,2,0,1,16,1,1,1,0,,0,TRUE
BNKB_C75,8,38,2,0,1,16,1,1,1,0,,0,TRUE
BNKB_C76,8,40,2,0,1,16,1,1,1,0,,0,TRUE
BNKB_C77,8,42,2,0,1,16,1,1,1,0,,0,TRUE
BNKB_C78,8,44,2,0,1,16,1,1,1,0,,0,TRUE
BNKB_C79,8,46,2,0,1,16,1,1,1,0,,0,TRUE
BNKB_C80,8,48,2,0,1,16,1,1,1,0,,0,TRUE
BNKB_C81,8,50,2,0,1,16,1,1,1,0,,0,TRUE
BNKB_C82,8,52,2,0,1,16,1,1,1,0,,0,TRUE
BNKB_C83,8,54,2,0,1,16,1,1,1,0,,0,TRUE
BNKB_C84,8,56,2,0,1,16,1,1,1,0,,0,TRUE
BNKB_C85,8,58,2,0,1,16,1,1,1,0,,0,TRUE
BNKB_C86,8,60,2,0,1,16,1,1,1,0,,0,TRUE
BNKB_C87,8,62,2,0,1,16,1,1,1,0,,0,TRUE
BNKB_C88,8,64,2,0,1,16,1,1,1,0,,0,TRUE
BNKB_C89,8,66,2,0,1,16,1,1,1,0,,0,TRUE
BNKB_C90,8,68,2,0,1,16,1,1,1,0,,0,TRUE
BNKB_C91,8,70,2,0,1,16,1,1,1,0,,0,TRUE
BNKB_C92,8,72,2,0,1,16,1,1,1,0,,0,TRUE
BNKB_C93,8,74,2,0,1,16,1,1,1,0,,0,TRUE
BNKB_C94,8,76,2,0,1,16,1,1,1,0,,0,TRUE
BNKB_C95,8,78,2,0,1,16,1,1,1,0,,0,TRUE
BNKB_C96,8,80,2,0,1,16,1,1,1,0,,0,TRUE
BNKB_C97,8,82,2,0,1,16,1,1,1,0,,0,TRUE
BNKB_C98,8,84,2,0,1,16,1,1,1,0,,0,TRUE
BNKB_C99,8,86,2,0,1,16,1,1,1,0,,0,TRUE
BNKB_C100,8,88,2,0,1,16,1,1,1,0,,0,TRUE
BNKB_C101,8,90,2,0,1,16,1,1,1,0,,0,TRUE
BNKB_C102,8,92,2,0,1,16,1,1,1,0,,0,TRUE
BNKB_C103,8,94,2,0,1,16,1,1,1,0,,0,TRUE
BNKB_C104,8,96,2,0,1,16,1,1,1,0,,0,TRUE
BNKB_C105,8,98,2,0,1,16,1,1,1,0,,0,TRUE
BNKB_C106,8,100,2,0,1,16,1,1,1,0,,0,TRUE
BNKB_C107,8,102,2,0,1,16,1,1,1,0,,0,TRUE
BNKB_C108,8,104,2,0,1,16,1,1,1,0,,0,TRUE
BNKB_C109,8,106,2,0,1,16,1,1,1,0,,0,TRUE
BNKB_C110,8,108,2,0,1,16,1,1,1,0,,0,TRUE
BNKB_C111,8,110,2,0,1,16,1,1,1,0,,0,TRUE
BNKB_C112,8,112,2,0,1,16,1,1,1,0,,0,TRUE
BNKB_C113,8,114,2,0,1,16,1,1,1,0,,0,TRUE
BNKB_C114,8,116,2,0,1,16,1,1,1,0,,0,TRUE
BNKB_C115,8,118,2,0,1,16,1,1,1,0,,0,TRUE
BNKB_C116,8,120,2,0,1,16,1,1,1,0,,0,TRUE
BNKB_C117,8,122,2,0,1,16,1,1,1,0,,0,TRUE
BNKB_C118,8,124,2,0,1,16,1,1,1,0,,0,TRUE
BNKB_C119,8,126,2,0,1,16,1,1,1,0,,0,TRUE
PAGE,9,0,2,0,1,16,1,1,0,0,,0,FALSE
BNKC_C0,9,8,2,0,1,16,1,1,1,0,,0,TRUE
BNKC_C1,9,10,2,0,1,16,1,1,1,0,,0,TRUE
BNKC_C2,9,12,2,0,1,16,1,1,1,0,,0,TRUE
BNKC_C3,9,14,2,0,1,16,1,1,1,0,,0,TRUE
BNKC_C4,9,16,2,0,1,16,1,1,1,0,,0,TRUE
BNKC_C5,9,18,2,0,1,16,1,1,1,0,,0,TRUE
BNKC_C6,9,20,2,0,1,16,1,1,1,0,,0,TRUE
BNKC_C7,9,22,2,0,1,16,1,1,1,0,,0,TRUE
BNKC_C8,9,24,2,0,1,16,1,1,1,0,,0,TRUE
BNKC_C9,9,26,2,0,1,16,1,1,1,0,,0,TRUE
BNKC_C10,9,28,2,0,1,16,1,1,1,0,,0,TRUE
BNKC_C11,9,30,2,0,1,16,1,1,1,0,,0,TRUE
BNKC_C12,9,32,2,0,1,16,1,1,1,0,,0,TRUE
BNKC_C13,9,34,2,0,1,16,1,1,1,0,,0,TRUE
BNKC_C14,9,36,2,0,1,16,1,1,1,0,,0,TRUE
BNKC_C15,9,38,2,0,1,16,1,1,1,0,,0,TRUE
BNKC_C16,9,40,2,0,1,16,1,1,1,0,,0,TRUE
BNKC_C17,9,42,2,0,1,16,1,1,1,0,,0,TRUE
BNKC_C18,9,44,2,0,1,16,1,1,1,0,,0,TRUE
BNKC_C19,9,46,2,0,1,16,1,1,1,0,,0,TRUE
BNKC_C20,9,48,2,0,1,16,1,1,1,0,,0,TRUE
BNKC_C21,9,50,2,0,1,16,1,1,1,0,,0,TRUE
BNKC_C22,9,52,2,0,1,16,1,1,1,0,,0,TRUE
BNKC_C23,9,54,2,0,1,16,1,1,1,0,,0,TRUE
BNKC_C24,9,56,2,0,1,16,1,1,1,0,,0,TRUE
BNKC_C25,9,58,2,0,1,16,1,1,1,0,,0,TRUE
BNKC_C26,9,60,2,0,1,16,1,1,1,0,,0,TRUE
BNKC_C27,9,62,2,0,1,16,1,1,1,0,,0,TRUE
BNKC_C28,9,64,2,0,1,16,1,1,1,0,,0,TRUE
BNKC_C29,9,66,2,0,1,16,1,1,1,0,,0,TRUE
BNKC_C30,9,68,2,0,1,16,1,1,1,0,,0,TRUE
BNKC_C31,9,70,2,0,1,16,1,1,1,0,,0,TRUE
BNKC_C32,9,72,2,0,1,16,1,1,1,0,,0,TRUE
BNKC_C33,9,74,2,0,1,16,1,1,1,0,,0,TRUE
BNKC_C34,9,76,2,0,1,16,1,1,1,0,,0,TRUE
BNKC_C35,9,78,2,0,1,16,1,1,1,0,,0,TRUE
BNKC_C36,9,80,2,0,1,16,1,1,1,0,,0,TRUE
BNKC_C37,9,82,2,0,1,16,1,1,1,0,,0,TRUE
BNKC_C38,9,84,2,0,1,16,1,1,1,0,,0,TRUE
BNKC_C39,9,86,2,0,1,16,1,1,1,0,,0,TRUE
BNKC_C40,9,88,2,0,1,16,1,1,1,0,,0,TRUE
BNKC_C41,9,90,2,0,1,16,1,1,1,0,,0,TRUE
BNKC_C42,9,92,2,0,1,16,1,1,1,0,,0,TRUE
BNKC_C43,9,94,2,0,1,16,1,1,1,0,,0,TRUE
BNKC_C44,9,96,2,0,1,16,1,1,1,0,,0,TRUE
BNKC_C45,9,98,2,0,1,16,1,1,1,0,,0,TRUE
BNKC_C46,9,100,2,0,1,16,1,1,1,0,,0,TRUE
BNKC_C47,9,102,2,0,1,16,1,1,1,0,,0,TRUE
BNKC_C48,9,104,2,0,1,16,1,1,1,0,,0,TRUE
BNKC_C49,9,106,2,0,1,16,1,1,1,0,,0,TRUE
BNKC_C50,9,108,2,0,1,16,1,1,1,0,,0,TRUE
BNKC_C51,9,110,2,0,1,16,1,1,1,0,,0,TRUE
BNKC_C52,9,112,2,0,1,16,1,1,1,0,,0,TRUE
BNKC_C53,9,114,2,0,1,16,1,1,1,0,,0,TRUE
BNKC_C54,9,116,2,0,1,16,1,1,1,0,,0,TRUE
BNKC_C55,9,118,2,0,1,16,1,1,1,0,,0,TRUE
BNKC_C56,9,120,2,0,1,16,1,1,1,0,,0,TRUE
BNKC_C57,9,122,2,0,1,16,1,1,1,0,,0,TRUE
BNKC_C58,9,124,2,0,1,16,1,1,1,0,,0,TRUE
BNKC_C59,9,126,2,0,1,16,1,1,1,0,,0,TRUE
PAGE,10,0,2,0,1,16,1,1,0,0,,0,FALSE
BNKC_C60,10,8,2,0,1,16,1,1,1,0,,0,TRUE
BNKC_C61,10,10,2,0,1,16,1,1,1,0,,0,TRUE
BNKC_C62,10,12,2,0,1,16,1,1,1,0,,0,TRUE
BNKC_C63,10,14,2,0,1,16,1,1,1,0,,0,TRUE
BNKC_C64,10,16,2,0,1,16,1,1,1,0,,0,TRUE
BNKC_C65,10,18,2,0,1,16,1,1,1,0,,0,TRUE
BNKC_C66,10,20,2,0,1,16,1,1,1,0,,0,TRUE
BNKC_C67,10,22,2,0,1,16,1,1,1,0,,0,TRUE
BNKC_C68,10,24,2,0,1,16,1,1,1,0,,0,TRUE
BNKC_C69,10,26,2,0,1,16,1,1,1,0,,0,TRUE
BNKC_C70,10,28,2,0,1,16,1,1,1,0,,0,TRUE
BNKC_C71,10,30,2,0,1,16,1,1,1,0,,0,TRUE
BNKC_C72,10,32,2,0,1,16,1,1,1,0,,0,TRUE
BNKC_C73,10,34,2,0,1,16,1,1,1,0,,0,TRUE
BNKC_C74,10,36,2,0,1,16,1,1,1,0,,0,TRUE
BNKC_C75,10,38,2,0,1,16,1,1,1,0,,0,TRUE
BNKC_C76,10,40,2,0,1,16,1,1,1,0,,0,TRUE
BNKC_C77,10,42,2,0,1,16,1,1,1,0,,0,TRUE
BNKC_C78,10,44,2,0,1,16,1,1,1,0,,0,TRUE
BNKC_C79,10,46,2,0,1,16,1,1,1,0,,0,TRUE
BNKC_C80,10,48,2,0,1,16,1,1,1,0,,0,TRUE
BNKC_C81,10,50,2,0,1,16,1,1,1,0,,0,TRUE
BNKC_C82,10,52,2,0,1,16,1,1,1,0,,0,TRUE
BNKC_C83,10,54,2,0,1,16,1,1,1,0,,0,TRUE
BNKC_C84,10,56,2,0,1,16,1,1,1,0,,0,TRUE
BNKC_C85,10,58,2,0,1,16,1,1,1,0,,0,TRUE
BNKC_C86,10,60,2,0,1,16,1,1,1,0,,0,TRUE
BNKC_C87,10,62,2,0,1,16,1,1,1,0,,0,TRUE
BNKC_C88,10,64,2,0,1,16,1,1,1,0,,0,TRUE
BNKC_C89,10,66,2,0,1,16,1,1,1,0,,0,TRUE
BNKC_C90,10,68,2,0,1,16,1,1,1,0,,0,TRUE
BNKC_C91,10,70,2,0,1,16,1,1,1,0,,0,TRUE
BNKC_C92,10,72,2,0,1,16,1,1,1,0,,0,TRUE
BNKC_C93,10,74,2,0,1,16,1,1,1,0,,0,TRUE
BNKC_C94,10,76,2,0,1,16,1,1,1,0,,0,TRUE
BNKC_C95,10,78,2,0,1,16,1,1,1,0,,0,TRUE
BNKC_C96,10,80,2,0,1,16,1,1,1,0,,0,TRUE
BNKC_C97,10,82,2,0,1,16,1,1,1,0,,0,TRUE
BNKC_C98,10,84,2,0,1,16,1,1,1,0,,0,TRUE
BNKC_C99,10,86,2,0,1,16,1,1,1,0,,0,TRUE
BNKC_C100,10,88,2,0,1,16,1,1,1,0,,0,TRUE
BNKC_C101,10,90,2,0,1,16,1,1,1,0,,0,TRUE
BNKC_C102,10,92,2,0,1,16,1,1,1,0,,0,TRUE
BNKC_C103,10,94,2,0,1,16,1,1,1,0,,0,TRUE
BNKC_C104,10,96,2,0,1,16,1,1,1,0,,0,TRUE
BNKC_C105,10,98,2,0,1,16,1,1,1,0,,0,TRUE
BNKC_C106,10,100,2,0,1,16,1,1,1,0,,0,TRUE
BNKC_C107,10,102,2,0,1,16,1,1,1,0,,0,TRUE
BNKC_C108,10,104,2,0,1,16,1,1,1,0,,0,TRUE
BNKC_C109,10,106,2,0,1,16,1,1,1,0,,0,TRUE
BNKC_C110,10,108,2,0,1,16,1,1,1,0,,0,TRUE
BNKC_C111,10,110,2,0,1,16,1,1,1,0,,0,TRUE
BNKC_C112,10,112,2,0,1,16,1,1,1,0,,0,TRUE
BNKC_C113,10,114,2,0,1,16,1,1,1,0,,0,TRUE
BNKC_C114,10,116,2,0,1,16,1,1,1,0,,0,TRUE
BNKC_C115,10,118,2,0,1,16,1,1,1,0,,0,TRUE
BNKC_C116,10,120,2,0,1,16,1,1,1,0,,0,TRUE
BNKC_C117,10,122,2,0,1,16,1,1,1,0,,0,TRUE
BNKC_C118,10,124,2,0,1,16,1,1,1,0,,0,TRUE
BNKC_C119,10,126,2,0,1,16,1,1,1,0,,0,TRUE
PAGE,11,0,2,0,1,16,1,1,0,0,,0,FALSE
BNKD_C0,11,8,2,0,1,16,1,1,1,0,,0,TRUE
BNKD_C1,11,10,2,0,1,16,1,1,1,0,,0,TRUE
BNKD_C2,11,12,2,0,1,16,1,1,1,0,,0,TRUE
BNKD_C3,11,14,2,0,1,16,1,1,1,0,,0,TRUE
BNKD_C4,11,16,2,0,1,16,1,1,1,0,,0,TRUE
BNKD_C5,11,18,2,0,1,16,1,1,1,0,,0,TRUE
BNKD_C6,11,20,2,0,1,16,1,1,1,0,,0,TRUE
BNKD_C7,11,22,2,0,1,16,1,1,1,0,,0,TRUE
BNKD_C8,11,24,2,0,1,16,1,1,1,0,,0,TRUE
BNKD_C9,11,26,2,0,1,16,1,1,1,0,,0,TRUE
BNKD_C10,11,28,2,0,1,16,1,1,1,0,,0,TRUE
BNKD_C11,11,30,2,0,1,16,1,1,1,0,,0,TRUE
BNKD_C12,11,32,2,0,1,16,1,1,1,0,,0,TRUE
BNKD_C13,11,34,2,0,1,16,1,1,1,0,,0,TRUE
BNKD_C14,11,36,2,0,1,16,1,1,1,0,,0,TRUE
BNKD_C15,11,38,2,0,1,16,1,1,1,0,,0,TRUE
BNKD_C16,11,40,2,0,1,16,1,1,1,0,,0,TRUE
BNKD_C17,11,42,2,0,1,16,1,1,1,0,,0,TRUE
BNKD_C18,11,44,2,0,1,16,1,1,1,0,,0,TRUE
BNKD_C19,11,46,2,0,1,16,1,1,1,0,,0,TRUE
BNKD_C20,11,48,2,0,1,16,1,1,1,0,,0,TRUE
BNKD_C21,11,50,2,0,1,16,1,1,1,0,,0,TRUE
BNKD_C22,11,52,2,0,1,16,1,1,1,0,,0,TRUE
BNKD_C23,11,54,2,0,1,16,1,1,1,0,,0,TRUE
BNKD_C24,11,56,2,0,1,16,1,1,1,0,,0,TRUE
BNKD_C25,11,58,2,0,1,16,1,1,1,0,,0,TRUE
BNKD_C26,11,60,2,0,1,16,1,1,1,0,,0,TRUE
BNKD_C27,11,62,2,0,1,16,1,1,1,0,,0,TRUE
BNKD_C28,11,64,2,0,1,16,1,1,1,0,,0,TRUE
BNKD_C29,11,66,2,0,1,16,1,1,1,0,,0,TRUE
BNKD_C30,11,68,2,0,1,16,1,1,1,0,,0,TRUE
BNKD_C31,11,70,2,0,1,16,1,1,1,0,,0,TRUE
BNKD_C32,11,72,2,0,1,16,1,1,1,0,,0,TRUE
BNKD_C33,11,74,2,0,1,16,1,1,1,0,,0,TRUE
BNKD_C34,11,76,2,0,1,16,1,1,1,0,,0,TRUE
BNKD_C35,11,78,2,0,1,16,1,1,1,0,,0,TRUE
BNKD_C36,11,80,2,0,1,16,1,1,1,0,,0,TRUE
BNKD_C37,11,82,2,0,1,16,1,1,1,0,,0,TRUE
BNKD_C38,11,84,2,0,1,16,1,1,1,0,,0,TRUE
BNKD_C39,11,86,2,0,1,16,1,1,1,0,,0,TRUE
BNKD_C40,11,88,2,0,1,16,1,1,1,0,,0,TRUE
BNKD_C41,11,90,2,0,1,16,1,1,1,0,,0,TRUE
BNKD_C42,11,92,2,0,1,16,1,1,1,0,,0,TRUE
BNKD_C43,11,94,2,0,1,16,1,1,1,0,,0,TRUE
BNKD_C44,11,96,2,0,1,16,1,1,1,0,,0,TRUE
BNKD_C45,11,98,2,0,1,16,1,1,1,0,,0,TRUE
BNKD_C46,11,100,2,0,1,16,1,1,1,0,,0,TRUE
BNKD_C47,11,102,2,0,1,16,1,1,1,0,,0,TRUE
BNKD_C48,11,104,2,0,1,16,1,1,1,0,,0,TRUE
BNKD_C49,11,106,2,0,1,16,1,1,1,0,,0,TRUE
BNKD_C50,11,108,2,0,1,16,1,1,1,0,,0,TRUE
BNKD_C51,11,110,2,0,1,16,1,1,1,0,,0,TRUE
BNKD_C52,11,112,2,0,1,16,1,1,1,0,,0,TRUE
BNKD_C53,11,114,2,0,1,16,1,1,1,0,,0,TRUE
BNKD_C54,11,116,2,0,1,16,1,1,1,0,,0,TRUE
BNKD_C55,11,118,2,0,1,16,1,1,1,0,,0,TRUE
BNKD_C56,11,120,2,0,1,16,1,1,1,0,,0,TRUE
BNKD_C57,11,122,2,0,1,16,1,1,1,0,,0,TRUE
BNKD_C58,11,124,2,0,1,16,1,1,1,0,,0,TRUE
BNKD_C59,11,126,2,0,1,16,1,1,1,0,,0,TRUE
PAGE,12,0,2,0,1,16,1,1,0,0,,0,FALSE
BNKD_C60,12,8,2,0,1,16,1,1,1,0,,0,TRUE
BNKD_C61,12,10,2,0,1,16,1,1,1,0,,0,TRUE
BNKD_C62,12,12,2,0,1,16,1,1,1,0,,0,TRUE
BNKD_C63,12,14,2,0,1,16,1,1,1,0,,0,TRUE
BNKD_C64,12,16,2,0,1,16,1,1,1,0,,0,TRUE
BNKD_C65,12,18,2,0,1,16,1,1,1,0,,0,TRUE
BNKD_C66,12,20,2,0,1,16,1,1,1,0,,0,TRUE
BNKD_C67,12,22,2,0,1,16,1,1,1,0,,0,TRUE
BNKD_C68,12,24,2,0,1,16,1,1,1,0,,0,TRUE
BNKD_C69,12,26,2,0,1,16,1,1,1,0,,0,TRUE
BNKD_C70,12,28,2,0,1,16,1,1,1,0,,0,TRUE
BNKD_C71,12,30,2,0,1,16,1,1,1,0,,0,TRUE
BNKD_C72,12,32,2,0,1,16,1,1,1,0,,0,TRUE
BNKD_C73,12,34,2,0,1,16,1,1,1,0,,0,TRUE
BNKD_C74,12,36,2,0,1,16,1,1,1,0,,0,TRUE
BNKD_C75,12,38,2,0,1,16,1,1,1,0,,0,TRUE
BNKD_C76,12,40,2,0,1,16,1,1,1,0,,0,TRUE
BNKD_C77,12,42,2,0,1,16,1,1,1,0,,0,TRUE
BNKD_C78,12,44,2,0,1,16,1,1,1,0,,0,TRUE
BNKD_C79,12,46,2,0,1,16,1,1,1,0,,0,TRUE
BNKD_C80,12,48,2,0,1,16,1,1,1,0,,0,TRUE
BNKD_C81,12,50,2,0,1,16,1,1,1,0,,0,TRUE
BNKD_C82,12,52,2,0,1,16,1,1,1,0,,0,TRUE
BNKD_C83,12,54,2,0,1,16,1,1,1,0,,0,TRUE
BNKD_C84,12,56,2,0,1,16,1,1,1,0,,0,TRUE
BNKD_C85,12,58,2,0,1,16,1,1,1,0,,0,TRUE
BNKD_C86,12,60,2,0,1,16,1,1,1,0,,0,TRUE
BNKD_C87,12,62,2,0,1,16,1,1,1,0,,0,TRUE
BNKD_C88,12,64,2,0,1,16,1,1,1,0,,0,TRUE
BNKD_C89,12,66,2,0,1,16,1,1,1,0,,0,TRUE
BNKD_C90,12,68,2,0,1,16,1,1,1,0,,0,TRUE
BNKD_C91,12,70,2,0,1,16,1,1,1,0,,0,TRUE
BNKD_C92,12,72,2,0,1,16,1,1,1,0,,0,TRUE
BNKD_C93,12,74,2,0,1,16,1,1,1,0,,0,TRUE
BNKD_C94,12,76,2,0,1,16,1,1,1,0,,0,TRUE
BNKD_C95,12,78,2,0,1,16,1,1,1,0,,0,TRUE
BNKD_C96,12,80,2,0,1,16,1,1,1,0,,0,TRUE
BNKD_C97,12,82,2,0,1,16,1,1,1,0,,0,TRUE
BNKD_C98,12,84,2,0,1,16,1,1,1,0,,0,TRUE
BNKD_C99,12,86,2,0,1,16,1,1,1,0,,0,TRUE
BNKD_C100,12,88,2,0,1,16,1,1,1,0,,0,TRUE
BNKD_C101,12,90,2,0,1,16,1,1,1,0,,0,TRUE
BNKD_C102,12,92,2,0,1,16,1,1,1,0,,0,TRUE
BNKD_C103,12,94,2,0,1,16,1,1,1,0,,0,TRUE
BNKD_C104,12,96,2,0,1,16,1,1,1,0,,0,TRUE
BNKD_C105,12,98,2,0,1,16,1,1,1,0,,0,TRUE
BNKD_C106,12,100,2,0,1,16,1,1,1,0,,0,TRUE
BNKD_C107,12,102,2,0,1,16,1,1,1,0,,0,TRUE
BNKD_C108,12,104,2,0,1,16,1,1,1,0,,0,TRUE
BNKD_C109,12,106,2,0,1,16,1,1,1,0,,0,TRUE
BNKD_C110,12,108,2,0,1,16,1,1,1,0,,0,TRUE
BNKD_C111,12,110,2,0,1,16,1,1,1,0,,0,TRUE
BNKD_C112,12,112,2,0,1,16,1,1,1,0,,0,TRUE
BNKD_C113,12,114,2,0,1,16,1,1,1,0,,0,TRUE
BNKD_C114,12,116,2,0,1,16,1,1,1,0,,0,TRUE
BNKD_C115,12,118,2,0,1,16,1,1,1,0,,0,TRUE
BNKD_C116,12,120,2,0,1,16,1,1,1,0,,0,TRUE
BNKD_C117,12,122,2,0,1,16,1,1,1,0,,0,TRUE
BNKD_C118,12,124,2,0,1,16,1,1,1,0,,0,TRUE
BNKD_C119,12,126,2,0,1,16,1,1,1,0,,0,TRUE
